{
    "tms.api.rest.dataaccess.activity.create.v1": {
        "data": {
            "ActivityID": 2,
            "ActivityName": "TimeSheet",
            "CreatedUserID": 1,
            "CreatedBy": "system-user",
            "CreatedDate": "2023-11-04T10:28:36.248Z",
            "ModifiedUserID": null,
            "ModifiedBy": null,
            "ModifiedDate": "2023-11-04T10:28:36.248Z"
        },
        "status": 200,
        "message": "[MOCK] Activity has been created successfully"
    },
    "tms.api.rest.dataaccess.activity.read.v1": {
        "data": {
            "ActivityID": 1,
            "ActivityName": "TimeSheet",
            "CreatedUserID": 1,
            "CreatedBy": "system-user",
            "CreatedDate": "2023-11-03T06:04:36.211Z",
            "ModifiedUserID": null,
            "ModifiedBy": null,
            "ModifiedDate": "2023-11-03T06:04:36.211Z"
        },
        "status": 200,
        "message": "[MOCK] Activity has been read successfully"
    },
    "tms.api.rest.dataaccess.activity.readone.v1": {
        "data": {
            "ActivityID": 1,
            "ActivityName": "TimeSheet",
            "CreatedUserID": 1,
            "CreatedBy": "system-user",
            "CreatedDate": "2023-11-03T06:04:36.211Z",
            "ModifiedUserID": null,
            "ModifiedBy": null,
            "ModifiedDate": "2023-11-03T06:04:36.211Z"
        },
        "status": 200,
        "message": "[MOCK] Activity has been readone successfully"
    },
    "tms.api.rest.dataaccess.activity.update.v1": {
        "data": {
            "count": 1
        },
        "status": 200,
        "message": "[MOCK] Activity has been updated successfully"
    },
    "tms.api.rest.dataaccess.activity.delete.v1": {
        "data": {
            "count": 1
        },
        "status": 200,
        "message": "[MOCK] Activity has been deleted successfully"
    }
}