{
	"info": {
		"_postman_id": "040d0ddd-6838-4345-bc85-2a8ba281f7c4",
		"name": "TMS Rest Business",
		"schema": "https://schema.getpostman.com/json/collection/v2.1.0/collection.json",
		"_exporter_id": "19896243",
		"_collection_link": "https://lively-robot-106172.postman.co/workspace/Sample~a8b584e7-d89f-402b-8f99-9c47310b9032/collection/19896243-040d0ddd-6838-4345-bc85-2a8ba281f7c4?action=share&source=collection_link&creator=19896243"
	},
	"item": [
		{
			"name": "BaseSetup",
			"item": [
				{
					"name": "AddBaseSetup",
					"request": {
						"auth": {
							"type": "basic",
							"basic": [
								{
									"key": "password",
									"value": "927NBGJJ0283HKA74782",
									"type": "string"
								},
								{
									"key": "username",
									"value": "QP0192923232LD",
									"type": "string"
								}
							]
						},
						"method": "POST",
						"header": [],
						"body": {
							"mode": "raw",
							"raw": "{\n    \"Status\": [\n        {\n            \"StatusName\": \"Open\",\n            \"CreatedUserID\": 1,\n            \"CreatedBy\": \"system-user\"\n        },\n        {\n            \"StatusName\": \"InProgress\",\n            \"CreatedUserID\": 1,\n            \"CreatedBy\": \"system-user\"\n        },\n        {\n            \"StatusName\": \"Closed\",\n            \"CreatedUserID\": 1,\n            \"CreatedBy\": \"system-user\"\n        },\n        {\n            \"StatusName\": \"Rejected\",\n            \"CreatedUserID\": 1,\n            \"CreatedBy\": \"system-user\"\n        }\n    ],\n    \"Priority\": [\n        {\n            \"PriorityName\": \"1\",\n            \"CreatedUserID\": 1,\n            \"CreatedBy\": \"system-user\"\n        },\n        {\n            \"PriorityName\": \"2\",\n            \"CreatedUserID\": 1,\n            \"CreatedBy\": \"system-user\"\n        },\n        {\n            \"PriorityName\": \"3\",\n            \"CreatedUserID\": 1,\n            \"CreatedBy\": \"system-user\"\n        },\n        {\n            \"PriorityName\": \"4\",\n            \"CreatedUserID\": 1,\n            \"CreatedBy\": \"system-user\"\n\n        }\n    ],\n    \"Severity\": [\n        {\n            \"SeverityName\": \"Critical\",\n            \"CreatedUserID\": 1,\n            \"CreatedBy\": \"system-user\"\n        },\n        {\n            \"SeverityName\": \"High\",\n            \"CreatedUserID\": 1,\n            \"CreatedBy\": \"system-user\"\n        },\n        {\n            \"SeverityName\": \"Medium\",\n            \"CreatedUserID\": 1,\n            \"CreatedBy\": \"system-user\"\n        },\n        {\n            \"SeverityName\": \"Low\",\n            \"CreatedUserID\": 1,\n            \"CreatedBy\": \"system-user\"\n        }\n    ]\n}",
							"options": {
								"raw": {
									"language": "json"
								}
							}
						},
						"url": {
							"raw": "http://localhost:5005/api/rest/tms/business/1.0.0/basesetup/v1/basesetup",
							"protocol": "http",
							"host": [
								"localhost"
							],
							"port": "5005",
							"path": [
								"api",
								"rest",
								"tms",
								"business",
								"1.0.0",
								"basesetup",
								"v1",
								"basesetup"
							]
						}
					},
					"response": []
				}
			]
		}
	]
}