{
	"info": {
		"_postman_id": "ed13bd18-725a-48b8-9ee1-fa36beb028b1",
		"name": "Tms Rest Data Access",
		"schema": "https://schema.getpostman.com/json/collection/v2.1.0/collection.json",
		"_exporter_id": "19896243",
		"_collection_link": "https://lively-robot-106172.postman.co/workspace/Sample~a8b584e7-d89f-402b-8f99-9c47310b9032/collection/19896243-ed13bd18-725a-48b8-9ee1-fa36beb028b1?action=share&source=collection_link&creator=19896243"
	},
	"item": [
		{
			"name": "Activity",
			"item": [
				{
					"name": "Create One Activity",
					"request": {
						"auth": {
							"type": "basic",
							"basic": [
								{
									"key": "password",
									"value": "927NBGJJ0283HKA74782",
									"type": "string"
								},
								{
									"key": "username",
									"value": "QP0192923232LD",
									"type": "string"
								}
							]
						},
						"method": "POST",
						"header": [],
						"body": {
							"mode": "raw",
							"raw": "{\r\n    \"data\": {\r\n        \"ActivityName\": \"TimeSheet\",\r\n        \"CreatedUserID\": 1,\r\n        \"CreatedBy\": \"system-user\"\r\n    },\r\n    \"filter\": {}\r\n}",
							"options": {
								"raw": {
									"language": "json"
								}
							}
						},
						"url": {
							"raw": "http://localhost:3000/api/rest/tms/dataaccess/1.0.0/activity/v1/activity",
							"protocol": "http",
							"host": [
								"localhost"
							],
							"port": "3000",
							"path": [
								"api",
								"rest",
								"tms",
								"dataaccess",
								"1.0.0",
								"activity",
								"v1",
								"activity"
							]
						}
					},
					"response": []
				},
				{
					"name": "Read Activity",
					"request": {
						"auth": {
							"type": "basic",
							"basic": [
								{
									"key": "password",
									"value": "927NBGJJ0283HKA74782",
									"type": "string"
								},
								{
									"key": "username",
									"value": "QP0192923232LD",
									"type": "string"
								}
							]
						},
						"method": "POST",
						"header": [],
						"body": {
							"mode": "raw",
							"raw": "{\r\n    \"filter\": {},\r\n    \"fields\": {},\r\n    \"page\": 0,\r\n    \"limit\": 10,\r\n    \"sort\": {}\r\n}",
							"options": {
								"raw": {
									"language": "json"
								}
							}
						},
						"url": {
							"raw": "http://localhost:3000/api/rest/tms/dataaccess/1.0.0/activity/v1/activities",
							"protocol": "http",
							"host": [
								"localhost"
							],
							"port": "3000",
							"path": [
								"api",
								"rest",
								"tms",
								"dataaccess",
								"1.0.0",
								"activity",
								"v1",
								"activities"
							]
						}
					},
					"response": []
				},
				{
					"name": "Read One Activity",
					"protocolProfileBehavior": {
						"disableBodyPruning": true
					},
					"request": {
						"auth": {
							"type": "basic",
							"basic": [
								{
									"key": "password",
									"value": "927NBGJJ0283HKA74782",
									"type": "string"
								},
								{
									"key": "username",
									"value": "QP0192923232LD",
									"type": "string"
								}
							]
						},
						"method": "GET",
						"header": [],
						"body": {
							"mode": "raw",
							"raw": "",
							"options": {
								"raw": {
									"language": "json"
								}
							}
						},
						"url": {
							"raw": "http://localhost:3000/api/rest/tms/dataaccess/1.0.0/activity/v1/activity/1",
							"protocol": "http",
							"host": [
								"localhost"
							],
							"port": "3000",
							"path": [
								"api",
								"rest",
								"tms",
								"dataaccess",
								"1.0.0",
								"activity",
								"v1",
								"activity",
								"1"
							]
						}
					},
					"response": []
				},
				{
					"name": "Update Activity",
					"request": {
						"auth": {
							"type": "basic",
							"basic": [
								{
									"key": "password",
									"value": "927NBGJJ0283HKA74782",
									"type": "string"
								},
								{
									"key": "username",
									"value": "QP0192923232LD",
									"type": "string"
								}
							]
						},
						"method": "PATCH",
						"header": [],
						"body": {
							"mode": "raw",
							"raw": "{\r\n    \"filter\": {\r\n        \"ActivityID\": 1\r\n    },\r\n    \"fields\": {\r\n        \"ActivityName\": \"TimeSheet Update\"\r\n    }\r\n}",
							"options": {
								"raw": {
									"language": "json"
								}
							}
						},
						"url": {
							"raw": "http://localhost:3000/api/rest/tms/dataaccess/1.0.0/activity/v1/activities",
							"protocol": "http",
							"host": [
								"localhost"
							],
							"port": "3000",
							"path": [
								"api",
								"rest",
								"tms",
								"dataaccess",
								"1.0.0",
								"activity",
								"v1",
								"activities"
							]
						}
					},
					"response": []
				},
				{
					"name": "Delete One Activity",
					"request": {
						"auth": {
							"type": "basic",
							"basic": [
								{
									"key": "password",
									"value": "927NBGJJ0283HKA74782",
									"type": "string"
								},
								{
									"key": "username",
									"value": "QP0192923232LD",
									"type": "string"
								}
							]
						},
						"method": "DELETE",
						"header": [],
						"body": {
							"mode": "raw",
							"raw": "",
							"options": {
								"raw": {
									"language": "json"
								}
							}
						},
						"url": {
							"raw": "http://localhost:3000/api/rest/tms/dataaccess/1.0.0/activity/v1/activity/2",
							"protocol": "http",
							"host": [
								"localhost"
							],
							"port": "3000",
							"path": [
								"api",
								"rest",
								"tms",
								"dataaccess",
								"1.0.0",
								"activity",
								"v1",
								"activity",
								"2"
							]
						}
					},
					"response": []
				}
			]
		},
		{
			"name": "Severity",
			"item": [
				{
					"name": "Create One Severity",
					"request": {
						"auth": {
							"type": "basic",
							"basic": [
								{
									"key": "password",
									"value": "927NBGJJ0283HKA74782",
									"type": "string"
								},
								{
									"key": "username",
									"value": "QP0192923232LD",
									"type": "string"
								}
							]
						},
						"method": "POST",
						"header": [],
						"body": {
							"mode": "raw",
							"raw": "{\r\n    \"data\": {\r\n        \"SeverityName\": \"High\",\r\n        \"CreatedUserID\": 1,\r\n        \"CreatedBy\": \"system-user\"\r\n    },\r\n    \"filter\": {}\r\n}",
							"options": {
								"raw": {
									"language": "json"
								}
							}
						},
						"url": {
							"raw": "http://localhost:3000/api/rest/tms/dataaccess/1.0.0/severity/v1/severity",
							"protocol": "http",
							"host": [
								"localhost"
							],
							"port": "3000",
							"path": [
								"api",
								"rest",
								"tms",
								"dataaccess",
								"1.0.0",
								"severity",
								"v1",
								"severity"
							]
						}
					},
					"response": []
				},
				{
					"name": "Read Severity",
					"request": {
						"auth": {
							"type": "basic",
							"basic": [
								{
									"key": "password",
									"value": "927NBGJJ0283HKA74782",
									"type": "string"
								},
								{
									"key": "username",
									"value": "QP0192923232LD",
									"type": "string"
								}
							]
						},
						"method": "POST",
						"header": [],
						"body": {
							"mode": "raw",
							"raw": "{\r\n    \"filter\": {},\r\n    \"fields\": {},\r\n    \"page\": 0,\r\n    \"limit\": 10,\r\n    \"sort\": {}\r\n}",
							"options": {
								"raw": {
									"language": "json"
								}
							}
						},
						"url": {
							"raw": "http://localhost:3000/api/rest/tms/dataaccess/1.0.0/severity/v1/severities",
							"protocol": "http",
							"host": [
								"localhost"
							],
							"port": "3000",
							"path": [
								"api",
								"rest",
								"tms",
								"dataaccess",
								"1.0.0",
								"severity",
								"v1",
								"severities"
							]
						}
					},
					"response": []
				},
				{
					"name": "Read One Severity",
					"protocolProfileBehavior": {
						"disableBodyPruning": true
					},
					"request": {
						"auth": {
							"type": "basic",
							"basic": [
								{
									"key": "password",
									"value": "927NBGJJ0283HKA74782",
									"type": "string"
								},
								{
									"key": "username",
									"value": "QP0192923232LD",
									"type": "string"
								}
							]
						},
						"method": "GET",
						"header": [],
						"body": {
							"mode": "raw",
							"raw": "",
							"options": {
								"raw": {
									"language": "json"
								}
							}
						},
						"url": {
							"raw": "http://localhost:3000/api/rest/tms/dataaccess/1.0.0/severity/v1/severity/1",
							"protocol": "http",
							"host": [
								"localhost"
							],
							"port": "3000",
							"path": [
								"api",
								"rest",
								"tms",
								"dataaccess",
								"1.0.0",
								"severity",
								"v1",
								"severity",
								"1"
							]
						}
					},
					"response": []
				},
				{
					"name": "Update Severity",
					"request": {
						"auth": {
							"type": "basic",
							"basic": [
								{
									"key": "password",
									"value": "927NBGJJ0283HKA74782",
									"type": "string"
								},
								{
									"key": "username",
									"value": "QP0192923232LD",
									"type": "string"
								}
							]
						},
						"method": "PATCH",
						"header": [],
						"body": {
							"mode": "raw",
							"raw": "{\r\n    \"filter\": {\r\n        \"SeverityID\": 1\r\n    },\r\n    \"fields\": {\r\n        \"SeverityName\": \"Critical\"\r\n    }\r\n}",
							"options": {
								"raw": {
									"language": "json"
								}
							}
						},
						"url": {
							"raw": "http://localhost:3000/api/rest/tms/dataaccess/1.0.0/severity/v1/severities",
							"protocol": "http",
							"host": [
								"localhost"
							],
							"port": "3000",
							"path": [
								"api",
								"rest",
								"tms",
								"dataaccess",
								"1.0.0",
								"severity",
								"v1",
								"severities"
							]
						}
					},
					"response": []
				},
				{
					"name": "Delete One Severity",
					"request": {
						"auth": {
							"type": "basic",
							"basic": [
								{
									"key": "password",
									"value": "927NBGJJ0283HKA74782",
									"type": "string"
								},
								{
									"key": "username",
									"value": "QP0192923232LD",
									"type": "string"
								}
							]
						},
						"method": "DELETE",
						"header": [],
						"body": {
							"mode": "raw",
							"raw": "",
							"options": {
								"raw": {
									"language": "json"
								}
							}
						},
						"url": {
							"raw": "http://localhost:3000/api/rest/tms/dataaccess/1.0.0/severity/v1/severity/:severityid",
							"protocol": "http",
							"host": [
								"localhost"
							],
							"port": "3000",
							"path": [
								"api",
								"rest",
								"tms",
								"dataaccess",
								"1.0.0",
								"severity",
								"v1",
								"severity",
								":severityid"
							],
							"variable": [
								{
									"key": "severityid",
									"value": ""
								}
							]
						}
					},
					"response": []
				}
			]
		},
		{
			"name": "Priority",
			"item": [
				{
					"name": "Create One Priority",
					"request": {
						"auth": {
							"type": "basic",
							"basic": [
								{
									"key": "password",
									"value": "927NBGJJ0283HKA74782",
									"type": "string"
								},
								{
									"key": "username",
									"value": "QP0192923232LD",
									"type": "string"
								}
							]
						},
						"method": "POST",
						"header": [],
						"body": {
							"mode": "raw",
							"raw": "{\r\n    \"data\": {\r\n        \"PriorityName\": \"High\",\r\n        \"CreatedUserID\": 1,\r\n        \"CreatedBy\": \"system-user\"\r\n    },\r\n    \"filter\": {}\r\n}",
							"options": {
								"raw": {
									"language": "json"
								}
							}
						},
						"url": {
							"raw": "http://localhost:3000/api/rest/tms/dataaccess/1.0.0/priority/v1/priority",
							"protocol": "http",
							"host": [
								"localhost"
							],
							"port": "3000",
							"path": [
								"api",
								"rest",
								"tms",
								"dataaccess",
								"1.0.0",
								"priority",
								"v1",
								"priority"
							]
						}
					},
					"response": []
				},
				{
					"name": "Read Priority",
					"request": {
						"auth": {
							"type": "basic",
							"basic": [
								{
									"key": "password",
									"value": "927NBGJJ0283HKA74782",
									"type": "string"
								},
								{
									"key": "username",
									"value": "QP0192923232LD",
									"type": "string"
								}
							]
						},
						"method": "POST",
						"header": [],
						"body": {
							"mode": "raw",
							"raw": "{\r\n    \"filter\": {},\r\n    \"fields\": {},\r\n    \"page\": 0,\r\n    \"limit\": 10,\r\n    \"sort\": {}\r\n}",
							"options": {
								"raw": {
									"language": "json"
								}
							}
						},
						"url": {
							"raw": "http://localhost:5009/api/rest/tms/dataaccess/1.0.0/priority/v1/priorities",
							"protocol": "http",
							"host": [
								"localhost"
							],
							"port": "5009",
							"path": [
								"api",
								"rest",
								"tms",
								"dataaccess",
								"1.0.0",
								"priority",
								"v1",
								"priorities"
							]
						}
					},
					"response": []
				},
				{
					"name": "Read One Priority",
					"protocolProfileBehavior": {
						"disableBodyPruning": true
					},
					"request": {
						"auth": {
							"type": "basic",
							"basic": [
								{
									"key": "password",
									"value": "927NBGJJ0283HKA74782",
									"type": "string"
								},
								{
									"key": "username",
									"value": "QP0192923232LD",
									"type": "string"
								}
							]
						},
						"method": "GET",
						"header": [],
						"body": {
							"mode": "raw",
							"raw": "",
							"options": {
								"raw": {
									"language": "json"
								}
							}
						},
						"url": {
							"raw": "http://localhost:3000/api/rest/tms/dataaccess/1.0.0/priority/v1/priority/1",
							"protocol": "http",
							"host": [
								"localhost"
							],
							"port": "3000",
							"path": [
								"api",
								"rest",
								"tms",
								"dataaccess",
								"1.0.0",
								"priority",
								"v1",
								"priority",
								"1"
							]
						}
					},
					"response": []
				},
				{
					"name": "Update Priority",
					"request": {
						"auth": {
							"type": "basic",
							"basic": [
								{
									"key": "password",
									"value": "927NBGJJ0283HKA74782",
									"type": "string"
								},
								{
									"key": "username",
									"value": "QP0192923232LD",
									"type": "string"
								}
							]
						},
						"method": "PATCH",
						"header": [],
						"body": {
							"mode": "raw",
							"raw": "{\r\n    \"filter\": {\r\n        \"PriorityID\": 1\r\n    },\r\n    \"fields\": {\r\n        \"PriorityName\": \"High\"\r\n    }\r\n}",
							"options": {
								"raw": {
									"language": "json"
								}
							}
						},
						"url": {
							"raw": "http://localhost:3000/api/rest/tms/dataaccess/1.0.0/priority/v1/priorities",
							"protocol": "http",
							"host": [
								"localhost"
							],
							"port": "3000",
							"path": [
								"api",
								"rest",
								"tms",
								"dataaccess",
								"1.0.0",
								"priority",
								"v1",
								"priorities"
							]
						}
					},
					"response": []
				},
				{
					"name": "Delete One Priority",
					"request": {
						"auth": {
							"type": "basic",
							"basic": [
								{
									"key": "password",
									"value": "927NBGJJ0283HKA74782",
									"type": "string"
								},
								{
									"key": "username",
									"value": "QP0192923232LD",
									"type": "string"
								}
							]
						},
						"method": "DELETE",
						"header": [],
						"body": {
							"mode": "raw",
							"raw": "",
							"options": {
								"raw": {
									"language": "json"
								}
							}
						},
						"url": {
							"raw": "http://localhost:3000/api/rest/tms/dataaccess/1.0.0/priority/v1/priority/:priorityid",
							"protocol": "http",
							"host": [
								"localhost"
							],
							"port": "3000",
							"path": [
								"api",
								"rest",
								"tms",
								"dataaccess",
								"1.0.0",
								"priority",
								"v1",
								"priority",
								":priorityid"
							],
							"variable": [
								{
									"key": "priorityid",
									"value": ""
								}
							]
						}
					},
					"response": []
				}
			]
		},
		{
			"name": "Task",
			"item": [
				{
					"name": "Create One Task",
					"request": {
						"auth": {
							"type": "basic",
							"basic": [
								{
									"key": "password",
									"value": "927NBGJJ0283HKA74782",
									"type": "string"
								},
								{
									"key": "username",
									"value": "QP0192923232LD",
									"type": "string"
								}
							]
						},
						"method": "POST",
						"header": [],
						"body": {
							"mode": "raw",
							"raw": "{\r\n    \"data\": {\r\n        \"AssignedUserID\": 1,\r\n        \"StatusID\": 1,\r\n        \"PriorityID\": 1,\r\n        \"SeverityID\": 1,\r\n        \"TaskCode\": \"sample\",\r\n        \"Risk\": \"test\",\r\n        \"Impediment\": \"test\",\r\n        \"Title\": \"Sample Task\",\r\n        \"StartDate\": \"2023-10-31T07:24:28.675Z\",\r\n        \"EndDate\": \"2023-10-31T07:24:28.675Z\",\r\n        \"CreatedUserID\": 1,\r\n        \"CreatedBy\": \"system-user\"\r\n    },\r\n    \"filter\": {}\r\n}",
							"options": {
								"raw": {
									"language": "json"
								}
							}
						},
						"url": {
							"raw": "http://localhost:3000/api/rest/tms/dataaccess/1.0.0/task/v1/task",
							"protocol": "http",
							"host": [
								"localhost"
							],
							"port": "3000",
							"path": [
								"api",
								"rest",
								"tms",
								"dataaccess",
								"1.0.0",
								"task",
								"v1",
								"task"
							]
						}
					},
					"response": []
				},
				{
					"name": "Read Task",
					"request": {
						"auth": {
							"type": "basic",
							"basic": [
								{
									"key": "password",
									"value": "927NBGJJ0283HKA74782",
									"type": "string"
								},
								{
									"key": "username",
									"value": "QP0192923232LD",
									"type": "string"
								}
							]
						},
						"method": "POST",
						"header": [],
						"body": {
							"mode": "raw",
							"raw": "{\r\n    \"filter\": {\r\n        \"TaskCode\": \"sample\"\r\n    },\r\n    \"fields\": {},\r\n    \"page\": 0,\r\n    \"limit\": 1,\r\n    \"sort\": {}\r\n}",
							"options": {
								"raw": {
									"language": "json"
								}
							}
						},
						"url": {
							"raw": "http://localhost:3000/api/rest/tms/dataaccess/1.0.0/task/v1/tasks",
							"protocol": "http",
							"host": [
								"localhost"
							],
							"port": "3000",
							"path": [
								"api",
								"rest",
								"tms",
								"dataaccess",
								"1.0.0",
								"task",
								"v1",
								"tasks"
							]
						}
					},
					"response": []
				},
				{
					"name": "Read  One Task",
					"protocolProfileBehavior": {
						"disableBodyPruning": true
					},
					"request": {
						"auth": {
							"type": "basic",
							"basic": [
								{
									"key": "password",
									"value": "927NBGJJ0283HKA74782",
									"type": "string"
								},
								{
									"key": "username",
									"value": "QP0192923232LD",
									"type": "string"
								}
							]
						},
						"method": "GET",
						"header": [],
						"body": {
							"mode": "raw",
							"raw": "",
							"options": {
								"raw": {
									"language": "json"
								}
							}
						},
						"url": {
							"raw": "http://localhost:3000/api/rest/tms/dataaccess/1.0.0/task/v1/task/1",
							"protocol": "http",
							"host": [
								"localhost"
							],
							"port": "3000",
							"path": [
								"api",
								"rest",
								"tms",
								"dataaccess",
								"1.0.0",
								"task",
								"v1",
								"task",
								"1"
							]
						}
					},
					"response": []
				},
				{
					"name": "Read Task Count",
					"request": {
						"auth": {
							"type": "basic",
							"basic": [
								{
									"key": "password",
									"value": "927NBGJJ0283HKA74782",
									"type": "string"
								},
								{
									"key": "username",
									"value": "QP0192923232LD",
									"type": "string"
								}
							]
						},
						"method": "POST",
						"header": [],
						"body": {
							"mode": "raw",
							"raw": "{\r\n    \"filter\": {}   \r\n}",
							"options": {
								"raw": {
									"language": "json"
								}
							}
						},
						"url": {
							"raw": "http://localhost:3000/api/rest/tms/dataaccess/1.0.0/task/v1/tasks/metrics",
							"protocol": "http",
							"host": [
								"localhost"
							],
							"port": "3000",
							"path": [
								"api",
								"rest",
								"tms",
								"dataaccess",
								"1.0.0",
								"task",
								"v1",
								"tasks",
								"metrics"
							]
						}
					},
					"response": []
				},
				{
					"name": "Update Task",
					"request": {
						"auth": {
							"type": "basic",
							"basic": [
								{
									"key": "password",
									"value": "927NBGJJ0283HKA74782",
									"type": "string"
								},
								{
									"key": "username",
									"value": "QP0192923232LD",
									"type": "string"
								}
							]
						},
						"method": "PATCH",
						"header": [],
						"body": {
							"mode": "raw",
							"raw": "{\r\n    \"filter\": {\r\n        \"TaskID\":1\r\n    },\r\n    \"fields\": {\r\n        \"AssignedUserID\": 1,\r\n        \"StatusID\": 1,\r\n        \"PriorityID\": 1,\r\n        \"SeverityID\": 1,\r\n        \"ActivityID\": null,\r\n        \"TaskCode\": \"sample\",\r\n        \"Title\": \"Sample Task\",\r\n        \"Description\": null,\r\n        \"StartDate\": \"2023-10-31T07:24:28.675Z\",\r\n        \"EndDate\": \"2023-10-31T07:24:28.675Z\",\r\n        \"Risk\": \"test\",\r\n        \"Impediment\": \"test\",\r\n        \"CreatedUserID\": 1,\r\n        \"CreatedBy\": \"system-user\",\r\n        \"CreatedDate\": \"2023-11-04T07:02:46.394Z\",\r\n        \"ModifiedUserID\": null,\r\n        \"ModifiedBy\": null,\r\n        \"ModifiedDate\": \"2023-11-04T07:02:46.394Z\"\r\n    }\r\n}",
							"options": {
								"raw": {
									"language": "json"
								}
							}
						},
						"url": {
							"raw": "http://localhost:3000/api/rest/tms/dataaccess/1.0.0/task/v1/tasks",
							"protocol": "http",
							"host": [
								"localhost"
							],
							"port": "3000",
							"path": [
								"api",
								"rest",
								"tms",
								"dataaccess",
								"1.0.0",
								"task",
								"v1",
								"tasks"
							]
						}
					},
					"response": []
				},
				{
					"name": "Delete One Task",
					"request": {
						"auth": {
							"type": "basic",
							"basic": [
								{
									"key": "password",
									"value": "927NBGJJ0283HKA74782",
									"type": "string"
								},
								{
									"key": "username",
									"value": "QP0192923232LD",
									"type": "string"
								}
							]
						},
						"method": "DELETE",
						"header": [],
						"body": {
							"mode": "raw",
							"raw": "",
							"options": {
								"raw": {
									"language": "json"
								}
							}
						},
						"url": {
							"raw": "http://localhost:3000/api/rest/tms/dataaccess/1.0.0/task/v1/task/:taskid",
							"protocol": "http",
							"host": [
								"localhost"
							],
							"port": "3000",
							"path": [
								"api",
								"rest",
								"tms",
								"dataaccess",
								"1.0.0",
								"task",
								"v1",
								"task",
								":taskid"
							],
							"variable": [
								{
									"key": "taskid",
									"value": ""
								}
							]
						}
					},
					"response": []
				}
			]
		},
		{
			"name": "User",
			"item": [
				{
					"name": "Create One User",
					"request": {
						"auth": {
							"type": "basic",
							"basic": [
								{
									"key": "password",
									"value": "927NBGJJ0283HKA74782",
									"type": "string"
								},
								{
									"key": "username",
									"value": "QP0192923232LD",
									"type": "string"
								}
							]
						},
						"method": "POST",
						"header": [],
						"body": {
							"mode": "raw",
							"raw": "{\r\n    \"data\": {\r\n        \"UserPhoneNumber\": 1234345,\r\n        \"UserName\": \"Sample\",\r\n        \"UserEmail\": \"sample@gove.co\",\r\n        \"CreatedUserID\": 1,\r\n        \"CreatedBy\": \"user1\",\r\n        \"ModifiedUserID\": 1,\r\n        \"ModifiedBy\": \"user1\"\r\n    },\r\n    \"filter\": {}\r\n}",
							"options": {
								"raw": {
									"language": "json"
								}
							}
						},
						"url": {
							"raw": "http://localhost:3000/api/rest/tms/dataaccess/1.0.0/user/v1/user",
							"protocol": "http",
							"host": [
								"localhost"
							],
							"port": "3000",
							"path": [
								"api",
								"rest",
								"tms",
								"dataaccess",
								"1.0.0",
								"user",
								"v1",
								"user"
							]
						}
					},
					"response": []
				},
				{
					"name": "Read User",
					"request": {
						"auth": {
							"type": "basic",
							"basic": [
								{
									"key": "password",
									"value": "927NBGJJ0283HKA74782",
									"type": "string"
								},
								{
									"key": "username",
									"value": "QP0192923232LD",
									"type": "string"
								}
							]
						},
						"method": "POST",
						"header": [],
						"body": {
							"mode": "raw",
							"raw": "{\r\n    \"filter\": {},\r\n    \"fields\": {},\r\n    \"page\": 0,\r\n    \"limit\": 10,\r\n    \"sort\": {}\r\n}",
							"options": {
								"raw": {
									"language": "json"
								}
							}
						},
						"url": {
							"raw": "http://localhost:3000/api/rest/tms/dataaccess/1.0.0/user/v1/users",
							"protocol": "http",
							"host": [
								"localhost"
							],
							"port": "3000",
							"path": [
								"api",
								"rest",
								"tms",
								"dataaccess",
								"1.0.0",
								"user",
								"v1",
								"users"
							]
						}
					},
					"response": []
				},
				{
					"name": "Read  One User",
					"protocolProfileBehavior": {
						"disableBodyPruning": true
					},
					"request": {
						"auth": {
							"type": "basic",
							"basic": [
								{
									"key": "password",
									"value": "927NBGJJ0283HKA74782",
									"type": "string"
								},
								{
									"key": "username",
									"value": "QP0192923232LD",
									"type": "string"
								}
							]
						},
						"method": "GET",
						"header": [],
						"body": {
							"mode": "raw",
							"raw": "",
							"options": {
								"raw": {
									"language": "json"
								}
							}
						},
						"url": {
							"raw": "http://localhost:3000/api/rest/tms/dataaccess/1.0.0/user/v1/user/1",
							"protocol": "http",
							"host": [
								"localhost"
							],
							"port": "3000",
							"path": [
								"api",
								"rest",
								"tms",
								"dataaccess",
								"1.0.0",
								"user",
								"v1",
								"user",
								"1"
							]
						}
					},
					"response": []
				},
				{
					"name": "Update User",
					"request": {
						"auth": {
							"type": "basic",
							"basic": [
								{
									"key": "password",
									"value": "927NBGJJ0283HKA74782",
									"type": "string"
								},
								{
									"key": "username",
									"value": "QP0192923232LD",
									"type": "string"
								}
							]
						},
						"method": "PATCH",
						"header": [],
						"body": {
							"mode": "raw",
							"raw": "{\r\n    \"filter\": {\r\n        \"UserID\": 1\r\n    },\r\n    \"fields\": {\r\n        \"UserPhoneNumber\": 9876543210\r\n    }\r\n}",
							"options": {
								"raw": {
									"language": "json"
								}
							}
						},
						"url": {
							"raw": "http://localhost:3000/api/rest/tms/dataaccess/1.0.0/user/v1/users",
							"protocol": "http",
							"host": [
								"localhost"
							],
							"port": "3000",
							"path": [
								"api",
								"rest",
								"tms",
								"dataaccess",
								"1.0.0",
								"user",
								"v1",
								"users"
							]
						}
					},
					"response": []
				},
				{
					"name": "Delete One User",
					"request": {
						"auth": {
							"type": "basic",
							"basic": [
								{
									"key": "password",
									"value": "927NBGJJ0283HKA74782",
									"type": "string"
								},
								{
									"key": "username",
									"value": "QP0192923232LD",
									"type": "string"
								}
							]
						},
						"method": "DELETE",
						"header": [],
						"body": {
							"mode": "raw",
							"raw": "",
							"options": {
								"raw": {
									"language": "json"
								}
							}
						},
						"url": {
							"raw": "http://localhost:3000/api/rest/tms/dataaccess/1.0.0/user/v1/user/:userid",
							"protocol": "http",
							"host": [
								"localhost"
							],
							"port": "3000",
							"path": [
								"api",
								"rest",
								"tms",
								"dataaccess",
								"1.0.0",
								"user",
								"v1",
								"user",
								":userid"
							],
							"variable": [
								{
									"key": "userid",
									"value": ""
								}
							]
						}
					},
					"response": []
				}
			]
		},
		{
			"name": "Status",
			"item": [
				{
					"name": "Create One Status",
					"request": {
						"auth": {
							"type": "basic",
							"basic": [
								{
									"key": "password",
									"value": "927NBGJJ0283HKA74782",
									"type": "string"
								},
								{
									"key": "username",
									"value": "QP0192923232LD",
									"type": "string"
								}
							]
						},
						"method": "POST",
						"header": [],
						"body": {
							"mode": "raw",
							"raw": "{\r\n    \"data\": {\r\n        \"StatusName\": \"Open\",\r\n        \"CreatedUserID\": 1,\r\n        \"CreatedBy\": \"user\",\r\n        \"ModifiedUserID\": 1,\r\n        \"ModifiedBy\": \"user\"\r\n    },\r\n    \"filter\": {}\r\n}",
							"options": {
								"raw": {
									"language": "json"
								}
							}
						},
						"url": {
							"raw": "http://localhost:3000/api/rest/tms/dataaccess/1.0.0/status/v1/status",
							"protocol": "http",
							"host": [
								"localhost"
							],
							"port": "3000",
							"path": [
								"api",
								"rest",
								"tms",
								"dataaccess",
								"1.0.0",
								"status",
								"v1",
								"status"
							]
						}
					},
					"response": []
				},
				{
					"name": "Read Status",
					"request": {
						"auth": {
							"type": "basic",
							"basic": [
								{
									"key": "password",
									"value": "927NBGJJ0283HKA74782",
									"type": "string"
								},
								{
									"key": "username",
									"value": "QP0192923232LD",
									"type": "string"
								}
							]
						},
						"method": "POST",
						"header": [],
						"body": {
							"mode": "raw",
							"raw": "{\r\n    \"filter\": {},\r\n    \"fields\": {},\r\n    \"page\": 0,\r\n    \"limit\": 10,\r\n    \"sort\": {}\r\n}",
							"options": {
								"raw": {
									"language": "json"
								}
							}
						},
						"url": {
							"raw": "http://localhost:3000/api/rest/tms/dataaccess/1.0.0/status/v1/statuses",
							"protocol": "http",
							"host": [
								"localhost"
							],
							"port": "3000",
							"path": [
								"api",
								"rest",
								"tms",
								"dataaccess",
								"1.0.0",
								"status",
								"v1",
								"statuses"
							]
						}
					},
					"response": []
				},
				{
					"name": "Read  One Status",
					"protocolProfileBehavior": {
						"disableBodyPruning": true
					},
					"request": {
						"auth": {
							"type": "basic",
							"basic": [
								{
									"key": "password",
									"value": "927NBGJJ0283HKA74782",
									"type": "string"
								},
								{
									"key": "username",
									"value": "QP0192923232LD",
									"type": "string"
								}
							]
						},
						"method": "GET",
						"header": [],
						"body": {
							"mode": "raw",
							"raw": "",
							"options": {
								"raw": {
									"language": "json"
								}
							}
						},
						"url": {
							"raw": "http://localhost:3000/api/rest/tms/dataaccess/1.0.0/status/v1/status/1",
							"protocol": "http",
							"host": [
								"localhost"
							],
							"port": "3000",
							"path": [
								"api",
								"rest",
								"tms",
								"dataaccess",
								"1.0.0",
								"status",
								"v1",
								"status",
								"1"
							]
						}
					},
					"response": []
				},
				{
					"name": "Update Status",
					"request": {
						"auth": {
							"type": "basic",
							"basic": [
								{
									"key": "password",
									"value": "927NBGJJ0283HKA74782",
									"type": "string"
								},
								{
									"key": "username",
									"value": "QP0192923232LD",
									"type": "string"
								}
							]
						},
						"method": "PATCH",
						"header": [],
						"body": {
							"mode": "raw",
							"raw": "{\r\n    \"filter\": {\r\n          \"StatusID\": 1\r\n    },\r\n    \"fields\": {\r\n        \"StatusName\": \"New\"\r\n    }\r\n}",
							"options": {
								"raw": {
									"language": "json"
								}
							}
						},
						"url": {
							"raw": "http://localhost:3000/api/rest/tms/dataaccess/1.0.0/status/v1/statuses",
							"protocol": "http",
							"host": [
								"localhost"
							],
							"port": "3000",
							"path": [
								"api",
								"rest",
								"tms",
								"dataaccess",
								"1.0.0",
								"status",
								"v1",
								"statuses"
							]
						}
					},
					"response": []
				},
				{
					"name": "Delete One Status",
					"request": {
						"auth": {
							"type": "basic",
							"basic": [
								{
									"key": "password",
									"value": "927NBGJJ0283HKA74782",
									"type": "string"
								},
								{
									"key": "username",
									"value": "QP0192923232LD",
									"type": "string"
								}
							]
						},
						"method": "DELETE",
						"header": [],
						"body": {
							"mode": "raw",
							"raw": "",
							"options": {
								"raw": {
									"language": "json"
								}
							}
						},
						"url": {
							"raw": "http://localhost:3000/api/rest/tms/dataaccess/1.0.0/status/v1/status/:statusid",
							"protocol": "http",
							"host": [
								"localhost"
							],
							"port": "3000",
							"path": [
								"api",
								"rest",
								"tms",
								"dataaccess",
								"1.0.0",
								"status",
								"v1",
								"status",
								":statusid"
							],
							"variable": [
								{
									"key": "statusid",
									"value": ""
								}
							]
						}
					},
					"response": []
				}
			]
		}
	]
}